{
    "name": "root",
    "gauges": {
        "ShipBrain.Policy.Entropy.mean": {
            "value": 1.420324444770813,
            "min": 1.4200853109359741,
            "max": 1.4250550270080566,
            "count": 4
        },
        "ShipBrain.Policy.Entropy.sum": {
            "value": 6999.35888671875,
            "min": 6999.35888671875,
            "max": 7159.4765625,
            "count": 4
        },
        "ShipBrain.Step.mean": {
            "value": 19968.0,
            "min": 4896.0,
            "max": 19968.0,
            "count": 4
        },
        "ShipBrain.Step.sum": {
            "value": 19968.0,
            "min": 4896.0,
            "max": 19968.0,
            "count": 4
        },
        "ShipBrain.Policy.ExtrinsicValueEstimate.mean": {
            "value": -0.018630916252732277,
            "min": -0.10842090845108032,
            "max": 0.0751575380563736,
            "count": 4
        },
        "ShipBrain.Policy.ExtrinsicValueEstimate.sum": {
            "value": -0.7452366352081299,
            "min": -4.336836338043213,
            "max": 3.0063014030456543,
            "count": 4
        },
        "ShipBrain.Losses.PolicyLoss.mean": {
            "value": 0.06929339022391622,
            "min": 0.06484521020757752,
            "max": 0.07493900683595497,
            "count": 4
        },
        "ShipBrain.Losses.PolicyLoss.sum": {
            "value": 0.13858678044783243,
            "min": 0.13553729320604663,
            "max": 0.19453563062273257,
            "count": 4
        },
        "ShipBrain.Losses.ValueLoss.mean": {
            "value": 0.0025413107573780615,
            "min": 0.0010089901927719492,
            "max": 0.0025413107573780615,
            "count": 4
        },
        "ShipBrain.Losses.ValueLoss.sum": {
            "value": 0.005082621514756123,
            "min": 0.0020179803855438984,
            "max": 0.005715121967488599,
            "count": 4
        },
        "ShipBrain.Policy.LearningRate.mean": {
            "value": 0.000245664018112,
            "min": 0.000245664018112,
            "max": 0.00029035200321599996,
            "count": 4
        },
        "ShipBrain.Policy.LearningRate.sum": {
            "value": 0.000491328036224,
            "min": 0.000491328036224,
            "max": 0.0007848000384000001,
            "count": 4
        },
        "ShipBrain.Policy.Epsilon.mean": {
            "value": 0.18188800000000002,
            "min": 0.18188800000000002,
            "max": 0.19678400000000001,
            "count": 4
        },
        "ShipBrain.Policy.Epsilon.sum": {
            "value": 0.36377600000000004,
            "min": 0.36377600000000004,
            "max": 0.5616,
            "count": 4
        },
        "ShipBrain.Policy.Beta.mean": {
            "value": 0.0004112512000000001,
            "min": 0.0004112512000000001,
            "max": 0.00048424160000000004,
            "count": 4
        },
        "ShipBrain.Policy.Beta.sum": {
            "value": 0.0008225024000000002,
            "min": 0.0008225024000000002,
            "max": 0.0013118399999999999,
            "count": 4
        },
        "ShipBrain.Environment.EpisodeLength.mean": {
            "value": 3999.0,
            "min": 3999.0,
            "max": 3999.0,
            "count": 4
        },
        "ShipBrain.Environment.EpisodeLength.sum": {
            "value": 7998.0,
            "min": 3999.0,
            "max": 7998.0,
            "count": 4
        },
        "ShipBrain.Environment.CumulativeReward.mean": {
            "value": 9.647998366504908,
            "min": 3.0936294347047806,
            "max": 9.647998366504908,
            "count": 4
        },
        "ShipBrain.Environment.CumulativeReward.sum": {
            "value": 9.647998366504908,
            "min": 3.0936294347047806,
            "max": 9.647998366504908,
            "count": 4
        },
        "ShipBrain.Policy.ExtrinsicReward.mean": {
            "value": 9.647998366504908,
            "min": 3.0936294347047806,
            "max": 9.647998366504908,
            "count": 4
        },
        "ShipBrain.Policy.ExtrinsicReward.sum": {
            "value": 9.647998366504908,
            "min": 3.0936294347047806,
            "max": 9.647998366504908,
            "count": 4
        },
        "ShipBrain.IsTraining.mean": {
            "value": 1.0,
            "min": 1.0,
            "max": 1.0,
            "count": 4
        },
        "ShipBrain.IsTraining.sum": {
            "value": 1.0,
            "min": 1.0,
            "max": 1.0,
            "count": 4
        }
    },
    "metadata": {
        "timer_format_version": "0.1.0",
        "start_time_seconds": "1757180834",
        "python_version": "3.10.12 | packaged by Anaconda, Inc. | (main, Jul  5 2023, 19:01:18) [MSC v.1916 64 bit (AMD64)]",
        "command_line_arguments": "C:\\Users\\m7md3\\anaconda3\\envs\\mlagents\\Scripts\\mlagents-learn config/trainer_config.yaml --run-id=ship_run_13 --train",
        "mlagents_version": "1.1.0",
        "mlagents_envs_version": "1.1.0",
        "communication_protocol_version": "1.5.0",
        "pytorch_version": "2.8.0+cpu",
        "numpy_version": "1.23.5",
        "end_time_seconds": "1757181083"
    },
    "total": 248.87554020000243,
    "count": 1,
    "self": 0.010682799998903647,
    "children": {
        "run_training.setup": {
            "total": 0.1767290999996476,
            "count": 1,
            "self": 0.1767290999996476
        },
        "TrainerController.start_learning": {
            "total": 248.68812830000388,
            "count": 1,
            "self": 0.5413785004566307,
            "children": {
                "TrainerController._reset_env": {
                    "total": 15.339067799999611,
                    "count": 1,
                    "self": 15.339067799999611
                },
                "TrainerController.advance": {
                    "total": 232.66746749954473,
                    "count": 21967,
                    "self": 0.48930889875191497,
                    "children": {
                        "env_step": {
                            "total": 219.71010100030253,
                            "count": 21967,
                            "self": 197.7307411993097,
                            "children": {
                                "SubprocessEnvManager._take_step": {
                                    "total": 21.608231700323813,
                                    "count": 21967,
                                    "self": 1.4110258003202034,
                                    "children": {
                                        "TorchPolicy.evaluate": {
                                            "total": 20.19720590000361,
                                            "count": 21967,
                                            "self": 20.19720590000361
                                        }
                                    }
                                },
                                "workers": {
                                    "total": 0.3711281006690115,
                                    "count": 21966,
                                    "self": 0.0,
                                    "children": {
                                        "worker_root": {
                                            "total": 169.70733420011675,
                                            "count": 21966,
                                            "is_parallel": true,
                                            "self": 67.01858980044926,
                                            "children": {
                                                "steps_from_proto": {
                                                    "total": 0.0004684999948949553,
                                                    "count": 1,
                                                    "is_parallel": true,